Workbook

Sheet 로봇 Tool 부하 선정
A1: 로봇 Tool 부하 선정
A2: 항목 | C2: 값 | D2: 단위 | E2: 판정/비고
A3: [1. 기본 설정]
B4: 중력가속도 (g) | C4: 9.8 | D4: m/s² | E4: 계산 기준값
A6: [2. 부하 정보 입력] | G6: 계산값
B7: 부하 질량 (M) | C7: 14 | D7: kg | E7: 사용자 입력 | G7: ='무게,관성 계산'!F13 -> 69.72183 | H7: kg
B8: Lz (J5 + a (부하 중심) | C8: 336 | D8: mm | E8: 사용자 입력 (Tool coord) | G8: ='무게,관성 계산'!E21 -> 177.60198
B9: Ly (b (부하 중심) | C9: -12.5 | D9: mm | E9: 사용자 입력 (Tool coord) | G9: ='무게,관성 계산'!D21 -> 0
B10: Lx (끝단 - 부하 중심 X) | C10: -25.7 | D10: mm | E10: 사용자 입력 (Tool coord) | G10: ='무게,관성 계산'!C21 -> 0
B11: 관성모멘트 Ixx | C11: 1.045 | D11: kgm² | E11: 사용자 입력 (Tool coord) | G11: ='무게,관성 계산'!C30 -> 16.225194
B12: 관성모멘트 Iyy | C12: 0.549 | D12: kgm² | E12: 사용자 입력 (Tool coord) | G12: ='무게,관성 계산'!D30 -> 2.2748712
B13: 관성모멘트 Izz | C13: 0.534 | D13: kgm² | E13: 사용자 입력 (Tool coord) | G13: ='무게,관성 계산'!E30 -> 14.598735
A15: [3. 로봇 사양]
B16: 모델 선택 | C16: R25 | E16: 리스트 중 선택
B17: 허용 질량 | C17: {=TRANSPOSE(_xlfn.XLOOKUP(C16, '로봇 스펙'!A:A, '로봇 스펙'!B:F))} -> 25 | D17: kg
B18: 허용 토크 (5축) | C18: 50 | D18: N·m
B19: 허용 토크 (6축) | C19: 30 | D19: N·m
B20: 허용 관성 (5축) | C20: 2.2 | D20: kgm²
B21: 허용 관성 (6축) | C21: 1.5 | D21: kgm²
A23: [4. 계산 및 판정 결과] | E23: 판정(OK/NG)
B24: 거리 Lz (J5) | C24: =SQRT((C8/1000)^2+(C10/1000)^2) -> 0.33698144 | D24: m
B25: 거리 Lx (J6) | C25: =SQRT((C9/1000)^2+(C10/1000)^2) -> 0.028578663 | D25: m
B27: 계산 토크 (J5) | C27: =C7*C24*C4 -> 46.233853 | D27: N·m | E27: =IF(C27<=C18,"OK","NG") -> OK | F27: =TEXT(C27, "0.00") & IF(C27 > C18, " > ", IF(C27 < C18, " < ", " = ")) & TEXT(C18, "0.00") -> 46.23 < 50.00
B28: 계산 토크 (J6) | C28: =C7*C25*C4 -> 3.9209926 | D28: N·m | E28: =IF(C28<=C19,"OK","NG") -> OK | F28: =TEXT(C28, "0.00") & IF(C28 > C19, " > ", IF(C28 < C19, " < ", " = ")) & TEXT(C19, "0.00") -> 3.92 < 30.00
B29: 계산 관성 (J5) | C29: =(C7*(C24^2))+C12 -> 2.1387909 | D29: kgm² | E29: =IF(C29<=C20,"OK","NG") -> OK | F29: =TEXT(C29, "0.00") & IF(C29 > C20, " > ", IF(C29 < C20, " < ", " = ")) & TEXT(C20, "0.00") -> 2.14 < 2.20
B30: 계산 관성 (J6) | C30: =(C7*(C25^2))+C13 -> 0.54543436 | D30: kgm² | E30: =IF(C30<=C21,"OK","NG") -> OK | F30: =TEXT(C30, "0.00") & IF(C30 > C21, " > ", IF(C30 < C21, " < ", " = ")) & TEXT(C21, "0.00") -> 0.55 < 1.50

Sheet 무게,관성 계산
A1: Tool 질량, 관성모멘트 계산
A2: 항목 | C2: 값 | D2: 단위 | E2: 판정/비고
A3: [1. 기본 설정]
B4: 부하 재료 밀도 | C4: 2.7 | D4: g/cm³ | E4: 알루미늄 : 0.27
E5: 철 : 7.87
A6: [2. 부하 치수 입력] Tool 좌표계 방향과 동일 (우측 그림 참조)
B7: 단위 : mm | C7: X | D7: Y | E7: Z | F7: 질량 (kg)
B8: 블록 1 치수 | C8: 100 | D8: 100 | E8: 4.5 | F8: =C8*D8*E8*C4/100000 -> 1.215
B9: 블록 2 치수 | C9: 65 | D9: 117 | E9: 49 | F9: =C9*D9*E9*C4/100000 -> 10.061415
B10: 블록 3 치수 | C10: 65 | D10: 117 | E10: 49 | F10: =C10*D10*E10*C4/100000 -> 10.061415
B11: 블록 4 치수 | C11: 280 | D11: 320 | E11: 10 | F11: =C11*D11*E11*C4/100000 -> 24.192
B12: 블록 5 치수 | C12: 280 | D12: 320 | E12: 10 | F12: =C12*D12*E12*C4/100000 -> 24.192
B13: 전체 부하 질량 | F13: =SUM(F8:F12) -> 69.72183
A14: [3. 부하 무게 중심 입력]
B15: 단위 : mm | C15: X | D15: Y | E15: Z | F15: J5 거리
B16: 블록 1 무게 중심 | C16: 0 | D16: 0 | E16: 5 | F16: 123
B17: 블록 2 무게 중심 | C17: 0 | D17: 415 | E17: 25 | F17: 133
B18: 블록 3 무게 중심 | C18: 0 | D18: -415 | E18: 25 | F18: 133
B19: 블록 4 무게 중심 | C19: 0 | D19: 463 | E19: 5 | F19: 182
B20: 블록 5 무게 중심 | C20: 0 | D20: -463 | E20: 5 | F20: 182
B21: 전체 부하 무게 중심 (J5) | C21: =(F8*C16+F9*C17+F10*C18+F11*C19+F12*C20)/F13 -> 0 | D21: =(F8*D16+F9*D17+F10*D18+F11*D19+F12*D20)/F13 -> 0 | E21: =(F8*(E16+F16)+F9*(E17+F17)+F10*(E18+F18)+F11*(E19+F19)+F12*(E20+F20))/F13 -> 177.60198 | F21: 로봇 선정
B22: 전체 부하 무게 중심 (부하) | C22: =(F8*C16+F9*C17+F10*C18+F11*C19+F12*C20)/F13 -> 0 | D22: =(F8*D16+F9*D17+F10*D18+F11*D19+F12*D20)/F13 -> 0 | E22: =(F8*E16+F9*E17+F10*E18+F11*E19+F12*E20)/F13 -> 10.772318 | F22: Tool 설정
A23: [4. 부하 별 관성모멘트]
B24: 단위 : kgm2 | C24: Ixx | D24: Iyy | E24: Izz
B25: 블록 1 관성모멘트 | C25: =((D8/1000)^2+(E8/1000)^2)/12*F8 -> 0.0010145503 | D25: =((C8/1000)^2+(E8/1000)^2)/12*F8 -> 0.0010145503 | E25: =((C8/1000)^2+(D8/1000)^2)/12*F8 -> 0.002025
B26: 블록 2 관성모멘트 | C26: =((D9/1000)^2+(E9/1000)^2)/12*F9 -> 0.013490681 | D26: =((C9/1000)^2+(E9/1000)^2)/12*F9 -> 0.005555578 | E26: =((C9/1000)^2+(D9/1000)^2)/12*F9 -> 0.015020016
B27: 블록 3 관성모멘트 | C27: =((D10/1000)^2+(E10/1000)^2)/12*F10 -> 0.013490681 | D27: =((C10/1000)^2+(E10/1000)^2)/12*F10 -> 0.005555578 | E27: =((C10/1000)^2+(D10/1000)^2)/12*F10 -> 0.015020016
B28: 블록 4 관성모멘트 | C28: =((D11/1000)^2+(E11/1000)^2)/12*F11 -> 0.20664 | D28: =((C11/1000)^2+(E11/1000)^2)/12*F11 -> 0.158256 | E28: =((C11/1000)^2+(D11/1000)^2)/12*F11 -> 0.3644928
B29: 블록 5 관성모멘트 | C29: =((D12/1000)^2+(E12/1000)^2)/12*F12 -> 0.20664 | D29: =((C12/1000)^2+(E12/1000)^2)/12*F12 -> 0.158256 | E29: =((C12/1000)^2+(D12/1000)^2)/12*F12 -> 0.3644928
B30: 전체 부하 관성모멘트 (J5) | C30: =(C25 + F8*(((D16-$D$21)/1000)^2 + ((E16-$E$21)/1000)^2)) + (C26 + F9*(((D17-$D$21)/1000)^2 + ((E17-$E$21)/1000)^2)) + (C27 + F10*(((D18-$D$21)/1000)^2 + ((E18-$E$21)/1000)^2)) + (C28 + F11*(((D19-$D$21)/1000)^2 + ((E19-$E$21)/1000)^2)) + (C29 + F12*(((D20-$D$21)/1000)^2 + ((E20-$E$21)/1000)^2)) -> 16.225194 | D30: =(D25 + F8*(((C16-$C$21)/1000)^2 + ((E16-$E$21)/1000)^2)) + (D26 + F9*(((C17-$C$21)/1000)^2 + ((E17-$E$21)/1000)^2)) + (D27 + F10*(((C18-$C$21)/1000)^2 + ((E18-$E$21)/1000)^2)) + (D28 + F11*(((C19-$C$21)/1000)^2 + ((E19-$E$21)/1000)^2)) + (D29 + F12*(((C20-$C$21)/1000)^2 + ((E20-$E$21)/1000)^2)) -> 2.2748712 | E30: =(E25 + F8*(((C16-$C$21)/1000)^2 + ((D16-$D$21)/1000)^2)) + (E26 + F9*(((C17-$C$21)/1000)^2 + ((D17-$D$21)/1000)^2)) + (E27 + F10*(((C18-$C$21)/1000)^2 + ((D18-$D$21)/1000)^2)) + (E28 + F11*(((C19-$C$21)/1000)^2 + ((D19-$D$21)/1000)^2)) + (E29 + F12*(((C20-$C$21)/1000)^2 + ((D20-$D$21)/1000)^2)) -> 14.598735 | F30: 로봇 선정
B31: 전체 부하 관성모멘트 (부하) | C31: =(C25 + F8*(((D16-$D$22)/1000)^2 + ((E16-$E$22)/1000)^2)) + (C26 + F9*(((D17-$D$22)/1000)^2 + ((E17-$E$22)/1000)^2)) + (C27 + F10*(((D18-$D$22)/1000)^2 + ((E18-$E$22)/1000)^2)) + (C28 + F11*(((D19-$D$22)/1000)^2 + ((E19-$E$22)/1000)^2)) + (C29 + F12*(((D20-$D$22)/1000)^2 + ((E20-$E$22)/1000)^2)) -> 14.284686 | D31: =(D25 + F8*(((E16-$C$22)/1000)^2 + ((C16-$E$22)/1000)^2)) + (D26 + F9*(((E17-$C$22)/1000)^2 + ((C17-$E$22)/1000)^2)) + (D27 + F10*(((E18-$C$22)/1000)^2 + ((C18-$E$22)/1000)^2)) + (D28 + F11*(((E19-$C$22)/1000)^2 + ((C19-$E$22)/1000)^2)) + (D29 + F12*(((E20-$C$22)/1000)^2 + ((C20-$E$22)/1000)^2)) -> 0.35054517 | E31: =(E25 + F8*(((C16-$C$22)/1000)^2 + ((D16-$D$22)/1000)^2)) + (E26 + F9*(((C17-$C$22)/1000)^2 + ((D17-$D$22)/1000)^2)) + (E27 + F10*(((C18-$C$22)/1000)^2 + ((D18-$D$22)/1000)^2)) + (E28 + F11*(((C19-$C$22)/1000)^2 + ((D19-$D$22)/1000)^2)) + (E29 + F12*(((C20-$C$22)/1000)^2 + ((D20-$D$22)/1000)^2)) -> 14.598735 | F31: Tool 설정

Sheet 로봇 스펙
A1: 형번 | B1: 최대 부하 | C1: J5 허용 토크 | D1: J6 허용 토크 | E1: J5 허용 관성모멘트 | F1: J6 허용 관성모멘트 | G1: J5 끝단 거리
A2: R4 | B2: 4 | C2: 8.86 | D2: 4.9 | E2: 0.2 | F2: 0.067 | G2: 70
A3: R4H | B3: 4 | C3: 8.86 | D3: 4.9 | E3: 0.2 | F3: 0.067 | G3: 75
A4: R7H | B4: 7 | C4: 16.9 | D4: 9.4 | E4: 0.49 | F4: 0.15 | G4: 78
A5: R10-110 | B5: 10 | C5: 18.59 | D5: 9.8 | E5: 0.6 | F5: 0.2 | G5: 80
A6: R10-140 | B6: 10 | C6: 22 | D6: 9.8 | E6: 0.63 | F6: 0.2 | G6: 107.7
A7: R10H | B7: 10 | C7: 18.59 | D7: 9.8 | E7: 0.6 | F7: 0.2 | G7: 78
A8: R11 | B8: 11 | C8: 20.45 | D8: 10.8 | E8: 0.6 | F8: 0.2 | G8: 80
A9: R15H | B9: 15 | C9: 26.5 | D9: 12 | E9: 0.9 | F9: 0.3 | G9: 86
A10: R16 | B10: 16 | C10: 25 | D10: 12 | E10: 0.78 | F10: 0.3 | G10: 123
A11: R20H | B11: 20 | C11: 35 | D11: 20 | E11: 1 | F11: 0.4 | G11: 86
A12: R25 | B12: 25 | C12: 50 | D12: 30 | E12: 2.2 | F12: 1.5 | G12: 123

Sheet 로봇 스펙 (SCARA)
A1: 형번 | B1: 정격 부하 | C1: 최대 부하 | D1: J4 정격 관성 | E1: J4 최대 관성
A2: S4 | B2: 2 | C2: 4 | D2: 0.005 | E2: 0.05
A3: S7 | B3: 3 | C3: 7 | D3: 0.01 | E3: 0.12
A4: S10 | B4: 5 | C4: 10 | D4: 0.02 | E4: 0.3
A5: S25 | B5: 10 | C5: 25 | D5: 0.5 | E5: 1.2
A6: S35 | B6: 20 | C6: 35 | D6: 0.6 | E6: 1.2
A7: S60 | B7: 30 | C7: 60 | D7: 1.2 | E7: 2.45
A8: TS4 | B8: 2 | C8: 4 | D8: 0.005 | E8: 0.01
A9: TS5 | B9: 2 | C9: 5 | D9: 0.05 | E9: 0.12
